log2FoldChange,pvalue,padj
-0.8647151,0.002566189,0.02268192
-0.5036923,0.01181383,0.06615524
-1.323617,7.149711e-08,6.102789e-06
-1.56766,2.558835e-09,4.368296e-07
-1.201478,0.0001029445,0.002106485
-0.7642462,0.00533009,0.03703173
-2.10698,1.187316e-17,1.418842e-14
-2.550839,2.879866e-23,1.72072e-19
-0.7961686,0.004823,0.03501504
-1.502516,1.18819e-08,1.544026e-06
-0.9767491,0.001501288,0.01561773
-0.7188226,0.006899581,0.04464939
-0.4775515,0.04864126,0.1696623
-0.4801508,0.009942195,
-0.5500813,6.546694e-05,0.001504481
-0.5378422,0.00011065,0.002226039
0.9491705,0.0002774849,0.004605478
0.5824496,0.02519435,0.1094809
0.5136388,0.01206881,0.06687288
0.5175899,0.02847502,0.1193115
-0.8046235,0.003488982,0.02790719
-0.4851158,0.01048352,0.06087372
0.8929315,0.001688114,0.01677382
0.7328658,0.001113035,0.01243062
0.3354415,0.04724827,0.1661615
-0.6996916,0.01202639,0.0667202
0.8436629,0.001552073,0.01593183
0.5747097,0.01877158,0.09081611
-0.4641989,0.009372115,0.05627979
0.3638705,0.0353062,0.135728
0.5542276,0.01628472,0.08266883
-0.2986494,0.02928923,0.12153
-0.4373333,0.03293845,0.1300775
-0.3127312,0.02389684,0.1058414
0.4877849,0.03409527,0.1326297
0.87085,0.003447966,0.02771204
-1.093219,1.438532e-07,1.101952e-05
0.4014167,0.04988214,0.1717843
0.6701321,0.0003062458,0.004999505
-0.6977909,0.002715516,0.02368644
0.4839133,0.02757202,0.1166765
0.4163618,0.03017751,0.1235851
-0.471789,0.0006618278,0.008662093
0.4954035,0.02342709,0.1043046
-0.4908202,0.01625399,0.08258298
-0.4294356,0.0207135,0.09639419
0.7184503,0.002294898,0.02104568
0.8914414,0.00346851,0.02778063
-1.014724,1.07649e-14,8.040034e-12
0.6056351,0.001299171,0.01403716
-0.8719824,4.508412e-05,0.00111394
0.8421663,0.000147965,0.002797755
-1.10794,1.225526e-11,4.881678e-09
-0.6276836,0.002340506,0.02138306
0.7036493,0.0008378578,0.01025861
0.9475672,6.890381e-07,4.244332e-05
-1.21221,1.591806e-05,0.0004979603
-0.686997,0.001853621,0.01792134
0.8169529,0.0005031065,0.007197827
0.8512614,0.0005196657,0.007375303
0.4067877,0.03728824,0.140795
0.3866796,0.02302651,0.1033684
-0.6491396,0.0001741118,0.003220799
0.3742501,0.02396467,0.105909
0.9720769,0.001502458,0.01561773
0.3582002,0.03387206,0.1321673
0.4716862,0.0259554,0.1115709
-0.8821835,0.0009509271,0.01109725
-0.519531,0.03076413,0.12479
0.4904392,0.02017208,0.09497885
-0.3526889,0.03362805,0.1318517
-0.3151027,0.01136527,0.06424548
-0.8806142,0.003777511,0.02965917
-0.6114855,0.02129825,0.09803007
0.6165536,0.02061176,0.09621505
0.5872065,0.02024808,0.0951867
0.7828369,0.004477653,0.03337799
-0.5999083,0.001062106,0.01198412
0.7138768,0.002252987,0.02077407
0.6455556,0.01187037,0.06627722
-0.543416,0.03338419,0.1313319
-0.4641293,0.01422216,0.07498737
0.5096504,0.0008183864,0.01008218
0.5990393,0.01384604,0.07380024
-0.8242991,4.793395e-06,0.0001922184
0.2940084,0.02381142,0.1056223
0.2813789,0.04952584,0.1713474
0.795371,0.0009271551,0.01094549
-0.3908863,0.03151681,0.1267247
-0.4228208,0.01451377,0.07590871
-0.3577085,0.03379183,0.1321673
-0.9157758,5.080781e-10,1.044866e-07
0.4966814,0.007739616,0.04867811
0.5701628,0.0187864,0.09081611
-0.4096384,0.03402387,0.1324964
-0.8514358,8.471198e-06,0.0003086131
-0.3798145,0.04269715,0.1542824
-0.8015766,0.0004853278,0.007004429
-0.5849712,0.0052427,0.03680979
-0.4829734,0.006613816,0.04309438
-0.4633923,0.0178897,0.08797608
-0.3045489,0.04091991,0.1503373
0.5335551,0.01458819,0.07612613
0.5862145,0.02172168,0.09914976
-0.5871786,0.02399628,0.1059703
-0.3101305,0.04184513,0.1525636
-0.3717984,0.04189102,0.1525636
-0.9600835,6.721697e-06,0.0002591106
0.7340064,0.001228903,0.01352994
0.354614,0.0004611787,0.006750947
-0.3392219,0.02306288,0.103454
-0.7750034,4.262611e-05,0.001074646
0.4973464,0.01625088,0.08258298
0.5330945,0.03533364,0.135728
-0.8189482,0.004409413,0.0330983
0.3415469,0.0288457,0.1202743
0.8303458,0.00419207,0.0318672
0.4232542,0.0402331,0.1487594
0.4282783,0.03814931,0.1430001
-0.6004945,0.008724334,0.05340246
-0.313574,0.04900885,0.1702488
-0.3396726,0.03980661,0.1474547
0.4042211,0.04042809,0.1492019
0.4438966,0.04637616,0.1646061
0.3909944,0.0261518,0.112173
-0.5781964,0.02293963,0.1031073
-0.6379882,0.004464608,0.03334504
0.4120795,0.04260053,0.154094
0.4390303,0.03029775,0.1238229
0.8669654,0.0009632601,0.01117569
-0.5081738,0.01695368,0.08498175
-0.3265914,0.02443415,0.1071909
0.6356963,0.01135136,0.06424548
-0.7486975,8.52237e-06,0.0003086131
-0.4561746,0.01387983,0.07391445
-0.5631609,0.02823842,0.1185696
0.7306517,0.005819238,0.03955625
0.6314795,0.01738698,0.08664485
0.3763084,0.04414684,0.1583123
-0.4578867,0.01135872,0.06424548
0.6956336,0.006347154,0.04190524
-0.6659534,0.004210435,0.03196614
-0.6212913,0.01185454,0.06627722
0.4707036,0.00861611,0.05296426
-0.3100536,0.02545022,0.1101921
-0.6559924,0.01341929,0.07223446
-0.8033506,0.0004688504,0.006800372
-0.4995204,0.04393118,0.1578405
-0.6148005,0.001647778,0.01654701
-0.5632542,0.01824851,0.08916856
0.8909996,0.003420532,0.02761848
-0.8706711,6.15492e-08,5.329804e-06
-0.4778087,0.0002729751,0.004543249
0.8620323,6.757e-05,0.001540957
-0.9658733,7.453723e-05,0.001661911
0.3304444,0.04728188,0.1661819
0.4141517,0.04765259,0.1668958
0.6338621,0.01267951,0.0691873
0.5033309,0.03979043,0.1474547
-1.058192,0.0007696261,0.009580241
0.5838399,0.00133422,0.01421669
-0.4474537,0.001992565,0.01892778
-1.343272,1.934327e-06,9.246081e-05
-0.3073314,0.04544532,
0.3267266,0.04562622,
0.9286133,2.484579e-06,0.0001159794
-0.6745751,9.690486e-05,0.002024498
-1.104008,0.0002523389,0.00428331
-0.4190374,0.007004508,0.0451403
-1.48224,5.513778e-06,0.0002196321
0.3659464,0.0345272,0.1337006
-0.3095166,0.03418736,0.132815
-0.4963849,0.002054028,0.01932727
0.2520016,0.04241113,0.1538594
-0.744096,4.721118e-06,0.0001905992
-0.3860514,0.004480193,0.03337799
0.6784277,0.0136461,0.07286455
0.4476762,0.04187224,0.1525636
-0.6259003,9.330556e-05,0.001980166
-0.7170883,3.12585e-06,0.0001345608
0.478394,0.01243038,0.06826427
-0.3629656,0.03040854,0.1239366
0.6734464,0.013967,0.07412118
-2.512738,7.048485e-13,3.828609e-10
0.8274923,0.0006677818,0.008683614
0.3948769,0.03587595,0.1370291
0.3620942,0.04869057,0.1696896
0.6226139,0.0004066377,0.006278192
0.9643498,0.00010968,0.00221398
0.497306,0.01974109,0.09339116
-0.4087807,0.03891637,0.1451066
-0.7385986,0.004612107,0.03397945
0.5613578,0.02759229,0.1166765
0.5314755,0.00839021,0.05178875
-1.125899,2.583737e-06,0.0001196731
0.5386564,0.004016564,0.03084701
0.398491,0.0084173,0.05190234
0.5539292,0.01956978,0.09302264
-1.473949,1.865606e-05,0.0005573498
0.3308416,0.03503906,0.1351571
-0.8404723,0.003390615,0.0275553
-0.6001057,0.004129568,0.03159304
-1.047796,1.327504e-06,6.779346e-05
0.647308,0.01355027,0.07267762
-1.084047,9.482716e-11,3.070702e-08
0.302034,0.03730184,0.140795
0.6147728,0.002097937,0.01964471
-1.872046,3.587282e-08,3.695519e-06
-0.5159484,7.584654e-06,0.0002850208
0.6421254,0.008305888,0.05137441
-0.5802405,0.003821858,0.0299287
-0.7370893,0.005452821,0.03775273
-1.009453,1.267337e-08,1.611135e-06
-0.8660262,0.002828754,0.02431914
-1.826453,1.422015e-06,7.120286e-05
-0.4459628,0.04085194,0.1503019
0.7145025,0.01084134,0.0622856
0.5073063,0.02877606,0.1202356
-0.7812038,0.002542258,0.02257057
-0.8458909,9.40971e-06,0.0003285428
0.6675851,0.009407477,0.05643541
-0.5966933,0.003237516,0.02657165
0.5446841,0.01929583,0.09208671
-0.3212366,0.006758226,0.04389174
-0.5172012,0.03313253,0.1306712
0.7716435,0.004888752,0.03528268
0.4074209,0.04959241,0.1713745
0.617455,0.003740538,0.02940752
-0.5352987,0.02715419,0.1152318
0.7008647,0.00359491,0.02847909
0.4479221,0.005546584,0.03826887
0.6983466,0.004603688,0.0339593
0.8533734,0.002261864,0.02082378
0.6127671,0.01220768,0.06747536
0.8365925,0.004490456,0.03337799
-0.7297543,0.0006011661,0.008071837
0.4771779,0.04617994,0.1642411
0.559361,0.0008520651,0.01038998
0.4102305,0.01670335,0.08399725
0.4431208,0.01487472,0.07721675
-0.7786201,7.310669e-05,0.001648349
-0.5106694,0.03523454,0.135728
0.4218027,0.0213045,0.09803007
-1.124525,2.007458e-08,2.263124e-06
-0.7651673,2.752897e-05,0.0007686242
0.7118133,4.2604e-05,0.001074646
-0.6115609,0.003974533,0.03073222
-0.3945278,0.0198266,0.09372145
0.3515048,0.02054217,0.0961908
0.4974293,0.0003629394,0.005798296
-0.4995481,0.01891995,0.09096247
0.397097,0.01708504,0.08542521
0.44368,0.02950885,0.1219332
-0.4604512,0.03578485,0.1367975
-0.6243117,0.006571993,0.04296243
-0.313704,0.03167896,0.1271201
0.9356533,0.0001360264,0.002621799
-0.3234599,0.01887312,0.09086774
-0.7672649,8.177814e-05,0.001783301
-0.6503726,0.001321653,0.01421669
-0.5446624,0.001595625,0.01615908
0.4381223,0.0262472,0.1124208
0.4759488,0.0321965,0.1282494
-0.6965343,0.009908108,0.05867289
-0.3394371,0.0246466,0.1077853
0.8197255,0.003381172,0.02752384
-0.6145544,0.004683329,0.0344193
0.5265023,0.0009928203,0.01147408
0.4207034,0.006401754,0.04221907
-0.8364298,0.002896308,0.02469436
-1.009859,7.139204e-07,4.265675e-05
-0.6083278,0.02081414,0.09665986
-0.6459222,0.006141336,0.04104197
0.7133083,0.009819032,0.05820309
-0.7663686,3.512847e-05,0.0009205815
-0.6046257,0.0001961488,0.003508949
0.4653908,0.03791515,0.1425219
-0.8284216,0.0004368124,0.006568313
-0.4126009,0.01717973,0.08582685
0.272311,0.04340478,0.1563137
-0.8351433,0.001943434,0.01852902
-0.4932138,0.01163128,0.06537806
-0.4369922,0.02701597,0.1148749
0.4920392,0.03232351,0.1284983
-0.6949226,3.138656e-05,0.0008563228
-0.4604627,0.01555021,0.08002797
-0.652212,0.006308336,0.0417412
-0.7889756,0.0008871639,0.01064419
-0.3006805,0.03227673,0.1284321
0.6005198,0.006595155,0.04301971
-0.7440346,0.0009575538,0.0111528
0.4749998,0.003102215,0.02581579
0.6233157,0.004384693,0.03299564
0.5178709,0.02758449,0.1166765
-1.40184,1.132468e-10,3.383247e-08
-0.474396,0.01749916,0.08698627
0.5979009,0.01754551,0.08707179
-0.3752558,0.03821787,0.1430845
-0.4495647,0.03489183,0.1346762
-0.701894,0.0007386091,0.009260126
-0.36443,0.02155228,0.09875375
-0.4665546,0.003574991,0.02842668
0.6972319,0.0001383311,0.002640665
0.431877,0.01670916,0.08399725
0.6800381,0.0003823396,0.006011787
0.5432789,0.01782523,0.08787602
-0.6086083,0.0001401753,0.002667348
-0.5566223,0.01823569,0.08916856
0.5263927,0.001804203,0.01761456
-0.5048899,0.004063079,0.03112422
-0.5551357,0.0216409,0.09893218
-0.7005263,0.008747664,0.05340246
0.9349345,3.162883e-05,0.0008580996
0.5085004,0.01764215,0.08720891
-0.3695701,0.0219304,0.0997975
0.3504982,0.00901928,0.0546
0.9417059,2.966649e-05,0.0008188958
0.8352543,0.004727345,0.03465753
0.8827362,2.18617e-05,0.0006340954
-0.7668604,0.001005265,0.01159548
0.6363166,0.0002028509,0.003574362
-0.4323747,0.0194154,0.09243587
0.5618064,0.003181837,0.02629527
-0.5384504,0.0007382645,0.009260126
0.3837352,0.04165791,0.1522223
-0.675974,7.434944e-06,0.0002811632
0.6804285,0.01225905,0.06757178
0.6893245,0.01269576,0.06921272
0.4690853,0.0278473,0.117257
-0.3102231,0.006245849,0.04146549
0.4977542,0.01561629,0.08029891
-0.5473034,0.03268848,0.1293468
-0.4380134,0.004889382,0.03528268
-0.3906109,0.02988754,0.1227341
0.5251576,0.03685273,0.1398301
-0.6500227,0.01586926,0.0811805
-0.6143247,0.002252513,0.02077407
-0.3069869,0.04452594,0.1591163
0.8473679,0.003447041,0.02771204
0.4220051,0.01093167,0.06262388
0.7968188,0.006449232,0.0424385
-0.9423383,0.0001343181,0.002597252
0.5481597,0.03191561,0.1275557
0.3649231,0.04337991,0.1563137
0.9184689,0.0005233486,0.007387482
-0.4889454,0.04762417,0.1668941
0.4765247,0.01193619,0.06646667
0.5025182,0.02071467,0.09639419
-0.539659,0.02137789,0.09818054
0.4271679,0.04703336,0.1659014
-2.536806,9.120244999999998e-19,1.816449e-15
0.4115274,0.03391003,0.1321673
0.8964522,0.003394259,0.0275553
-0.647582,0.002013384,0.01903476
-0.6435286,0.006921589,0.04466144
-0.8122373,0.004972155,0.03560395
-0.512097,0.03252151,0.1288568
-0.4884641,0.000831594,0.01022381
-0.6892975,0.01273317,0.06929023
-0.5085626,0.01035777,0.0603782
0.7893324,0.006542973,0.04286652
-0.5336886,0.02963174,0.1221259
0.8070398,0.00125039,0.01363336
0.4141226,0.04709102,0.1659014
-0.5025941,0.0082668,0.05118563
-0.4941992,0.02603938,0.1118514
0.3912198,0.03938337,
-0.593789,0.001834695,0.01781267
-0.458477,0.009144088,0.0551878
-0.9931419,0.0003399497,0.005489728
-0.5868468,0.01662057,0.08380413
0.53374,0.03457828,0.1337251
0.8772265,0.003280866,0.0268905
0.7064291,0.009950342,0.05886465
-1.298035,3.169068e-06,0.0001352513
0.5478663,0.0321526,0.12816
0.5923859,0.0004427206,0.006596648
-0.5198786,0.01350121,
0.6212817,0.01187998,0.06627722
-0.4038207,0.04167109,0.1522223
0.6344318,0.0004399335,0.006571507
0.571513,0.0005944904,0.00800018
0.5625566,0.01039657,0.06048636
-0.343979,0.01881335,0.09086774
-0.9908148,0.001815244,0.01766463
0.6268268,0.01063121,0.0615518
0.7928081,7.495447e-05,0.001664881
0.5925288,0.02387851,0.1058413
0.6954224,0.01073133,0.06189159
-0.3696394,0.02339175,0.1042495
-0.5158627,0.0354765,0.136054
0.9861539,0.000393447,0.006145837
0.497594,0.004319007,0.0326659
0.4497217,0.02612846,0.1121534
0.6819984,0.007078478,0.04547732
-0.7928192,0.004784309,0.03492954
0.4623896,0.04886877,0.1699598
-0.8389787,3.130369e-06,0.0001345608
0.5354628,0.03196063,0.1276502
-0.4799792,0.0224216,0.1014917
0.5959253,0.01396828,0.07412118
0.7765383,0.003719378,0.02927969
0.8878134,0.0009343343,0.01098946
-0.4512638,0.01866522,0.09067048
0.5013983,0.005835488,0.03962164
0.9191888,0.0006368244,0.008434051
-0.6017016,0.006331825,0.04185028
-0.6416705,0.0005077592,0.00722348
-0.546617,0.001063431,0.01198412
0.5131667,0.00663145,0.04316221
-0.6361765,0.009487787,0.05680314
0.8184748,0.003129091,0.02600322
0.4528293,0.02765977,0.1167382
0.6223775,0.01925462,0.09196349
-0.323903,0.007308469,0.04655448
-0.6917538,0.0009287637,0.01094549
0.5716928,0.01267199,0.0691873
-0.3162993,0.03804952,0.1427156
-0.7687007,7.08252e-07,4.265675e-05
-0.4838176,4.31075e-05,0.001082216
-0.3390857,0.03174258,0.1272045
-0.602596,0.02036886,0.09559128
-0.5162026,9.445859e-05,0.001988235
0.7683319,0.002069369,0.01944101
-0.7015945,0.01168823,0.06552376
-0.7091035,0.0005682294,0.007768088
0.350629,0.03342042,0.1313731
0.5557928,0.0302937,0.1238229
0.569342,0.001581718,0.01610011
0.9175837,0.001253947,0.01364723
-0.2771297,0.0407696,0.1501839
0.4267446,0.0276655,0.1167382
0.5034925,0.03570084,0.1365637
-0.4482776,0.00399794,0.03082283
0.9898941,2.890057e-05,0.000803167
0.6291501,0.01431573,0.07523
-0.3567621,0.01295878,0.07019829
-0.7824667,0.003577718,0.02842668
-0.5740741,0.02249818,0.1017613
0.6860726,0.003613822,
0.8798667,6.157372e-07,3.955946e-05
-0.5231633,0.00645694,0.04244248
-0.4189956,0.004646858,0.03419332
-0.6609684,0.01546507,0.07978636
-0.436782,0.04706901,0.1659014
0.9112456,0.001321953,0.01421669
0.8970803,0.0004587404,0.006750947
-0.2711439,0.03228536,0.1284321
0.7167754,0.005671329,0.03882522
-2.382503,6.783317e-07,4.221908e-05
-1.059428,0.0006247618,0.008295448
0.3980237,0.04959236,0.1713745
-0.8179332,0.002957789,0.02499859
-0.9184124,0.002865238,0.02452693
0.4699072,0.001921785,0.01840171
-0.3545712,0.0338541,0.1321673
0.555636,0.01904067,0.09122799
0.83581,0.002949545,0.02499792
0.7823301,0.003548739,0.02830937
0.5785704,0.02295107,0.1031073
0.6514973,0.0005776938,0.007862688
0.3890755,0.02443242,0.1071909
-0.7925732,0.0006444165,0.008481032
-0.488512,0.0334903,0.1315612
0.7593435,9.372644e-06,0.0003285428
-0.3301975,0.04253004,0.154094
0.3900114,0.02901846,0.1209103
-0.3337136,0.03710241,0.1403697
0.4792385,0.01969108,0.09329022
-0.4398527,0.02075047,0.09648565
0.5660685,0.01502581,0.07786576
0.5498999,0.02977292,0.122516
-0.4985385,0.01644644,0.08320703
0.9005646,0.0008095817,0.00999432
-1.0089,0.0001904974,0.00342838
0.6425595,0.006257818,0.04149885
0.4184781,0.002459274,0.02203023
-0.8793686,0.002346402,0.0214042
-0.8517415,0.001175387,0.01305379
0.4218385,0.0444137,0.1588102
-0.4965292,0.007448059,0.04719855
-0.4657834,0.003852361,0.03004827
0.4953594,0.01818939,0.08916856
-1.191523,1.531459e-07,1.158287e-05
0.8516715,0.003588414,0.02847381
-1.069343,0.0002366759,0.004028884
0.3476168,0.03446377,0.1335618
0.7710136,0.006874247,0.04459677
0.6404461,0.0008963722,0.01071516
0.9403287,0.002573952,0.02271694
0.548148,0.00576394,0.03926972
0.7481745,0.005221936,0.03672953
-0.4691263,0.03638312,0.1384644
-0.7170224,6.365696e-07,4.003688e-05
0.6478582,0.0157016,0.08052967
-0.6703216,4.004866e-05,0.001026999
-0.4086295,0.04969738,0.1713745
-0.4684277,0.03835706,0.1435087
0.6925606,0.003190259,0.02632845
-0.3426324,0.0231554,0.1037133
-0.4558885,0.002846004,0.02443229
0.6016631,0.004014399,0.03084701
-0.8486497,0.002051851,0.01932727
0.6012847,0.004738312,0.03469536
0.6189596,0.002301945,0.02106298
-0.3836984,0.004807389,0.03496969
-0.7376093,0.008846313,0.05377083
0.3462487,0.0424651,0.1539618
0.901366,0.002823641,0.02431016
-1.117165,0.0008437656,0.01030981
0.862139,0.002958599,0.02499859
0.5468462,0.03241999,0.1287962
-0.361268,0.009321975,0.05603501
-0.5184212,0.0007294399,0.009233905
0.4148332,0.04107909,0.1505813
0.7293131,0.005019121,0.03578669
0.5991119,0.007271822,0.04642002
-0.3858445,0.01523212,0.07879819
-0.5682781,0.01033596,0.06031455
-0.6980759,2.642201e-06,0.0001214396
-0.3357601,0.04778265,0.1671554
0.5496969,0.003598613,0.02847909
-2.525678,4.809171e-09,6.68251e-07
-1.294324,0.0002799279,0.004620357
-3.617094,5.679692e-14,3.770685e-11
-1.131698,3.173891e-05,0.0008580996
-0.3985962,0.008995842,0.05451334
0.5518665,0.0092524,0.0556728
-0.5073245,0.02781819,0.117224
-0.6816098,0.001064321,0.01198412
-0.5351381,0.03425332,0.1329203
0.4935684,0.01197605,0.0665811
-0.6515505,0.0157745,0.08083416
0.7599023,0.002767169,0.02399685
-0.5543377,0.02179827,0.09942341
0.2863234,0.04491107,0.1601096
-0.3974751,0.03881302,0.1448518
0.5897466,0.02465983,0.1077853
-0.5265142,0.03456965,0.1337251
0.5309936,0.02283646,0.1029019
0.4349994,0.00799881,0.04999256
0.4456798,0.04194569,0.1526343
-0.4474371,0.01701532,0.08521922
0.4662913,0.04228391,0.1535995
0.8190529,0.003101749,0.02581579
0.3392943,0.04202844,0.1528423
0.4576403,0.03248696,0.1288568
0.9277963,4.318913e-07,2.83577e-05
0.8180827,0.00381588,0.0299211
-0.4883653,0.002186634,0.02031903
0.4361601,0.03534607,0.135728
-0.4370432,0.01991371,0.09398455
0.548493,0.00593078,0.03995086
-0.3681736,0.048351,0.1687484
-0.5214623,0.004153174,0.03165206
-0.8933815,7.454262e-05,0.001661911
-0.7295484,4.458427e-05,0.001109963
-1.638067,3.802168e-07,2.524217e-05
0.3756293,0.0358913,0.1370291
-0.9149469,0.001944384,0.01852902
0.58241,0.005278067,0.03688125
-0.5291473,0.03318379,0.130787
0.597097,0.01894234,0.09096247
0.7148964,0.004445928,0.03324708
0.5578876,0.007937203,0.04981595
-0.3181439,0.02475987,0.1081434
0.3824787,0.04970576,0.1713745
0.586071,0.002100916,0.01964471
0.4989989,0.02040816,0.09563824
-0.3660651,0.03930208,
0.6463559,0.003412414,0.02761848
0.7754204,0.007038153,0.04526692
0.787629,0.00575833,0.03926972
0.4091516,0.02438237,0.1071211
-0.5003845,0.03543232,0.1359718
0.496644,0.04055181,0.1494738
-0.9017339,0.001065032,0.01198412
0.9361804,0.000792904,0.009829049
-0.5302043,0.002709942,0.02367238
-0.3596798,0.01202011,0.0667202
-0.9560346,1.005706e-05,0.0003433769
-0.8866575,0.003088944,0.02577715
-0.3911132,0.03296368,0.1300911
0.74485,0.0001860187,0.003398965
-0.6684533,0.01300272,0.07024527
0.5726711,0.02182438,0.09946657
0.6921234,0.01044668,0.06071881
0.8668592,0.0006417153,0.008464126
-0.3374694,0.03075886,0.12479
-0.6808382,0.000939881,0.01101135
-1.334695,9.306678e-07,5.196953e-05
-0.6447291,0.0005596082,0.007721668
-0.2684079,0.03338797,0.1313319
0.7413805,0.0004604339,0.006750947
-0.6826919,0.007981593,0.04998954
-0.5383707,0.03446901,0.1335618
-0.4637222,0.004802306,0.03496969
0.4701509,0.02413955,0.1063671
-0.5005092,0.02118388,0.09774029
-0.4535048,0.001480881,0.01549608
0.5878257,0.01363913,0.07286455
-0.4219924,0.03978177,0.1474547
0.8521683,0.0006702891,0.008687586
0.549266,0.01290278,0.07002191
-0.3326543,0.02286255,0.1029418
-0.7241801,0.009986643,0.05896264
-0.8716723,0.0006851525,0.008784948
0.7394254,0.0002153263,0.003750946
-1.793233,2.191227e-10,5.999325e-08
0.6294895,0.005284538,0.03688125
-0.6430688,0.005013478,0.03578669
-0.6813141,0.0008984592,0.01071516
0.9921369,0.0007338329,0.009260126
0.5597215,0.01487195,0.07721675
-0.8015664,0.006068845,0.04065607
0.6915517,0.009732691,0.05780599
-0.6408224,0.005099142,0.03609878
0.7644263,0.004787831,0.03492954
0.6460984,0.01094502,0.06264031
-0.4542822,0.04103968,0.1505292
0.4940796,0.03526802,0.135728
0.4150774,0.03000254,0.12309
-0.6468963,0.01363819,0.07286455
0.8471639,0.002134865,0.01989988
0.9084286,0.00155452,0.01593183
-0.4303978,0.0193488,0.09226581
-0.6088072,0.01675853,0.08414471
0.7797598,0.006184787,0.04124342
-0.645815,0.004975614,0.03560395
0.5647577,0.0291062,0.1211913
-0.4531978,0.04024555,0.1487594
-0.429207,0.006192718,0.04125027
-0.3175672,0.03664279,0.1392752
0.6747108,0.0135892,0.07282104
-0.6983418,0.01146691,0.06463657
-0.9257235,4.402607e-09,6.415994e-07
0.4320053,0.02448135,0.1073192
-0.8973856,3.887307e-05,0.001001586
-0.6142754,0.006060866,0.04065607
-0.7237759,0.004365433,0.03289213
-0.5694204,0.01959108,0.0930393
-0.7465493,0.0006754267,0.00871636
-0.5891321,0.005345171,0.03709337
0.642494,0.008674578,0.05321417
-0.4661842,0.01223374,0.06752775
0.5755894,0.02144451,0.09841088
-0.3393247,0.002751643,0.0238969
-0.5309885,0.01187089,0.06627722
0.6331006,0.001329567,0.01421669
0.4239121,0.0222469,0.1008538
0.5728367,0.01298554,0.07024527
-0.4696202,0.04127427,0.151204
-0.563597,0.002811,0.02428722
0.595993,0.007587141,0.0479716
0.8942302,0.001813961,0.01766463
0.9928497,0.001859502,0.01794915
0.5777718,0.01968012,0.09329022
0.569293,0.02095405,0.09690435
-0.5406695,0.02542992,0.110184
-1.396383,4.827539e-05,0.001167795
0.3489236,0.04483184,
-0.7030847,0.002946196,0.02499792
-0.4334629,0.01058417,0.06139845
-0.4708019,0.01436302,0.07527985
-0.6560189,0.01594983,0.08138365
-0.6020276,0.005642765,0.03870898
0.5934244,0.01800578,0.08847413
-0.4987202,0.0166913,0.08399725
0.4987779,0.0439875,0.1579479
-0.3279894,0.03245715,0.1288568
-0.2842314,0.03780892,0.1422596
0.4618584,0.01565416,0.08042444
0.383289,0.03640698,0.138467
-0.337117,0.01895369,0.09096247
0.5675548,0.01521897,0.07879819
-0.4836822,0.03743285,0.1412003
-0.5372462,0.01742143,0.08674421
-0.3465249,0.03090984,0.125296
0.5526843,0.01068894,0.06182613
-1.06442,3.532956e-05,0.0009218084
0.6888886,0.008864766,0.05382823
0.4229619,0.04028802,0.1487768
0.6613408,0.01254843,0.06882905
0.320111,0.03048465,0.1240775
-0.5149737,0.01351373,0.07254675
0.6384825,0.01375892,0.07340137
0.7063774,0.002990112,0.02519875
-0.3554274,0.03759786,
-0.5464543,0.0237887,0.1055999
-0.4752201,0.03156438,0.1268307
-0.482936,0.03323529,0.1309037
-0.4580827,0.0007071331,0.009028034
-0.341596,0.01193398,0.06646667
-0.5899771,0.0007392603,0.009260126
0.9983028,0.001656469,0.01657856
-1.332271,5.395776e-10,1.044866e-07
-0.2987141,0.0258005,0.1111239
-0.5350237,0.001674777,0.01670583
0.4347007,0.02943888,0.1217871
-0.4817535,0.0004918082,0.007080854
0.6268247,0.005412778,0.03751897
0.3703565,0.020885,0.09665986
0.5524929,0.01615646,0.08229738
-0.9220405,0.00250608,0.02231569
-1.083772,0.0001993256,0.003544554
-0.586361,0.01836374,0.08949702
-17.87421,1.124402e-05,0.0003774326
-1.357725,1.688951e-05,0.0005186651
-0.4132339,0.04965677,0.1713745
-0.7024,0.008118622,0.05047738
-0.4630203,0.04923701,0.1707116
0.783555,0.005093,0.03609807
-0.4516488,0.04625538,0.1643138
-1.363017,1.22522e-05,0.0003999108
-0.3200061,0.03124728,0.1261503
0.9088103,0.001567967,0.01604213
0.996323,0.0002173929,0.003773405
-0.5261891,0.0329115,0.130057
-0.3782259,0.005870526,0.03972574
0.3598322,0.02920461,0.1214318
-1.306758,5.559546e-05,0.001308028
-0.466391,0.02954296,0.1219898
0.3025846,0.01810762,0.0889014
-0.3813102,0.01002808,0.05914884
-0.4437542,0.04021127,0.1487594
-1.267541,6.057022e-06,0.0002396735
-0.2906198,0.04715771,0.1660385
0.9745588,9.192489e-05,0.001961611
0.5940201,0.004040531,0.03099124
-0.3669259,0.0167151,0.08399725
-1.608779,1.041048e-07,8.520906e-06
0.8889589,0.001661203,0.01659814
-0.7264826,0.0001207516,0.00240497
0.7753922,0.0004605143,0.006750947
-1.346271,9.457634e-06,0.0003285428
-0.6570131,0.0002583147,0.004335479
0.4654023,0.006069492,0.04065607
0.8199735,0.002897196,0.02469436
0.3824946,0.01142161,0.06450294
-0.5819531,0.0004488593,0.006671479
-0.5297183,0.004787224,0.03492954
0.8623496,0.0006048884,0.008085477
0.4758172,0.04475608,0.1596523
0.4420992,0.03563931,0.1364979
0.4360688,0.03728516,0.140795
0.4027574,0.007715197,0.04857566
-0.5066893,0.02982686,0.1226262
0.869684,0.002121733,0.01980836
0.8698407,0.002564908,0.02268192
-0.4844232,0.01408189,0.0744594
0.53588,0.02288661,0.1029725
-1.002252,2.368293e-08,2.572827e-06
-0.8832271,0.0002969315,0.004887509
0.484048,0.0494919,0.1713292
-0.5465027,0.02884314,0.1202743
-1.032205,0.0008584604,0.01042541
-0.5927683,0.001229583,0.01352994
-0.3459073,0.04651308,0.1649351
-0.6564652,0.01325034,0.07138935
0.8960102,0.001794729,0.01757951
-0.6590697,0.0002567925,0.004322071
0.8330397,0.004965122,0.03560395
-0.6463692,0.007955176,0.04987637
-0.406282,0.0371058,0.1403697
-0.922064,0.0003897661,0.006112474
-0.3898852,0.03845005,0.1437666
-0.571066,0.0006685293,0.008683614
-0.5025144,0.004425261,0.03317558
0.6133787,0.009068447,0.05484207
0.7216234,0.0008350032,0.01024465
-0.415816,0.01785282,0.08792845
-0.741619,0.004567826,0.03378276
0.525827,0.007690388,0.04852172
-0.6033789,0.00128579,0.01391774
0.576936,0.004810893,0.03496969
-0.5705343,0.0001219917,0.002406615
0.4659692,0.01876446,0.09081611
0.9982249,0.001277329,0.01387644
0.7226368,9.856255e-05,0.002050119
-0.3333894,0.03272823,0.1294184
0.4815941,0.009530523,0.05694487
-0.9760919,1.116143e-07,9.012104e-06
-0.4525265,0.004551856,0.0337436
0.4881703,0.04705806,0.1659014
0.5647476,0.02808493,0.1180081
0.9567907,0.000912049,0.01083398
0.3490119,0.01822488,0.08916856
0.5477479,0.02967075,0.1221797
-1.024613,8.448431e-06,0.0003086131
-0.5106981,0.01409432,0.0744594
0.8556335,0.002638186,0.02314708
0.9167087,0.0004248771,0.006492687
-0.9998955,2.677521e-06,0.0001216609
0.7812886,0.005289914,0.03688125
-1.161617,9.345718e-05,0.001980166
0.3582794,0.02733939,0.1158531
0.489645,0.01061827,0.06153653
-0.5085041,0.02022231,0.09514041
-0.9569947,0.0004689127,0.006800372
0.8085912,0.003326933,0.02715632
0.6064578,0.02129496,0.09803007
0.4955751,0.01832539,0.08945603
0.7002147,0.004314557,0.0326659
0.7153841,0.003079488,0.02573418
-0.9528371,4.449175e-06,0.000182081
0.5580128,0.0002559485,0.004320036
0.9172472,0.0005694431,0.007768088
0.5977819,0.01638789,0.08298104
0.6434925,0.003983963,0.03075475
0.5267568,0.004491364,0.03337799
0.3700109,0.01766909,0.08723336
-0.5392566,0.0116901,0.06552376
-0.6690638,0.002440942,0.02189884
0.4481881,0.03357791,0.1318187
-0.4222609,0.02799646,0.1177191
-0.5386868,0.008144893,0.05058808
0.7709096,0.001614801,0.01624316
0.5477487,0.02703165,0.1148749
-0.7179989,0.0002178786,0.003773405
0.5326599,0.02523667,0.1095055
0.7622622,0.004950742,0.03560395
0.4771068,0.02680491,0.1142363
0.9503258,0.002531782,0.022511
-0.4405864,0.008736514,0.05340246
-0.9159542,0.0001899579,0.00342838
-0.4393716,0.01027828,0.06009073
-0.4567162,0.02727375,0.115657
-0.7743152,0.007486401,0.0473848
-0.3520504,0.0292472,0.1215244
-1.180854,3.11426e-06,0.0001345608
0.475082,0.0242427,0.1067429
-0.3469865,0.02483725,0.1084021
-1.148183,9.881746e-05,0.002050119
-0.411583,0.03892987,0.1451066
0.6802256,0.003202509,0.02639309
0.4464676,0.03202237,0.1278114
0.5715031,0.01588633,0.08119831
-0.5878417,0.02160275,0.09889845
0.4237623,0.03425897,0.1329203
0.6884397,0.01086565,0.06236527
-0.4121863,0.03365275,0.1318526
-0.8867257,0.003628035,0.02865635
-0.4581402,0.0003967438,0.006160646
0.9761312,3.582587e-05,0.0009306937
0.6697297,0.003342452,0.02724578
0.805187,0.002151189,0.0200208
0.3955709,0.04805237,0.1680005
0.5951828,0.01300098,0.07024527
0.7791152,0.003416267,0.02761848
-0.307512,0.03173333,0.1272045
-0.5037286,0.0001139145,0.002276386
-0.4404285,0.03027405,0.1238229
-0.7831307,0.001196808,0.01321798
-0.4091615,0.02216208,0.1005455
-0.4131101,0.04342775,0.1563137
-0.4189762,0.04623391,0.1643138
-0.4131377,0.01490327,0.07729778
-0.485822,0.01144009,0.06454629
0.6071098,0.003500715,0.0279636
0.6855898,0.002805835,0.02428722
0.3641467,0.01236655,0.06797622
0.3358989,0.02322042,0.1039048
-0.5333528,0.03162046,0.1269706
0.3027293,0.02497222,0.1088322
0.7449405,0.002004354,0.01899386
-0.3846103,0.04270846,0.1542824
-0.4160112,0.0409622,0.1503373
0.6853041,0.01223976,0.06752775
-0.4125223,0.025621,0.1107887
0.4343529,0.0220986,0.10041
-0.6302671,0.01754349,0.08707179
-0.8120099,2.778723e-06,0.000123902
-0.520869,0.03594111,0.1371316
0.9021376,2.974065e-05,0.0008188958
-0.4934965,0.004574775,0.03378774
0.5615394,0.005693357,0.03892198
0.4587568,0.004929021,0.03552581
0.7561621,0.005473184,0.03781153
0.9615066,4.13484e-09,6.176417e-07
-2.254309,6.535487e-18,9.762383e-15
0.6607622,0.01025766,0.06009073
-0.9729668,0.000136484,0.002622161
-0.525233,0.007621671,0.04813899
0.5457166,0.03056094,0.1242714
-0.3475333,0.04740656,0.1665222
-0.4895756,0.04378103,0.1573957
0.568719,0.02008599,0.09464808
-0.6446715,0.01347448,0.07246624
-0.2635052,0.04658652,0.1649997
-0.6368523,0.007339406,0.04670176
-0.428269,0.04532876,0.1615023
-0.3775519,0.03057388,0.1242714
0.458592,0.02086094,0.09665986
0.7481834,0.004346757,0.03279277
0.6693226,0.0003554173,0.005708652
0.2959829,0.03925059,0.145938
-1.333962,7.412858e-06,0.0002811632
-0.5738445,0.0006625233,0.008662093
0.6077359,0.01764612,0.08720891
-0.349772,0.008581732,0.05280726
-0.5326862,0.02411087,0.1063192
0.6223285,0.01901162,0.09116728
-0.6139253,0.001542117,0.01585912
0.5424035,0.02876377,0.1202356
-0.8316199,0.0005365191,0.007489957
-0.4149184,0.02621196,0.1123504
0.4512054,0.04182525,0.1525636
0.9822662,0.001574623,0.01606528
0.4166957,0.03804336,0.1427156
0.6346627,0.001525217,0.01573951
-0.3780494,0.03389948,0.1321673
0.6700478,0.01080334,0.06224614
-0.7856011,9.016664e-07,5.082507e-05
0.6485585,2.363641e-05,0.0006757299
0.7502663,0.004009683,0.03084701
-0.5084567,0.002296533,0.02104568
-0.3066446,0.04966097,0.1713745
-0.6845447,0.001691586,0.01677382
0.7226607,0.005909068,0.03984953
0.6418733,0.01703932,0.08526795
-0.4972477,0.00345067,0.02771204
0.8959727,0.0002300085,0.003944874
0.4630792,0.009104169,0.05500244
-0.7071567,0.001057319,0.01198412
-0.7224476,1.912744e-05,0.0005657744
0.4410907,0.01390969,0.07394165
-0.4789207,0.000420235,0.006438216
0.4044355,0.02676727,0.1142363
0.5182219,0.002962176,0.02499859
-0.4516922,0.01919567,0.09175529
-0.5753228,0.02038214,0.09559128
-0.2940058,0.04663053,0.1650577
-0.8502893,1.803715e-05,0.0005443029
0.7115501,0.008458706,0.05210389
-0.5469215,0.001050587,0.01198412
0.4612487,0.04081222,0.1502483
0.9030106,0.001590511,0.01613464
0.5055216,0.03752389,0.1412936
0.4662293,0.002709201,0.02367238
-0.7916556,2.01855e-05,0.0005941298
0.5227785,0.007173787,0.04599075
-0.415059,0.01072313,0.06189159
0.739863,0.00870219,0.05332881
0.4644998,0.04459618,0.1591769
0.9836335,6.30864e-07,4.003688e-05
-0.8658939,0.0007192425,0.009137477
0.5646753,0.02134479,0.09810392
-0.5463372,0.00874996,0.05340246
0.8337479,0.004846206,0.03505579
0.4817605,0.04754684,0.1668188
0.7735005,0.005610734,0.03857783
-0.5423831,0.01401766,0.07425135
0.6799055,0.007247101,0.04631169
0.6406528,0.01006083,0.05928347
-0.4474115,0.02575244,0.1110179
-0.5037738,0.04369881,0.1571947
0.5712846,0.001361826,0.01447848
-0.5880281,0.001333239,0.01421669
0.7883518,0.0001476676,0.002797755
0.9581663,0.0003333591,0.005397889
-0.4438814,0.006899304,0.04464939
-0.4561722,0.03702528,0.1403697
0.4314482,0.017306,0.08631331
0.6412384,0.002226086,0.02063867
0.5306997,0.007402184,0.04705112
-0.9394165,0.0007863507,0.009768078
-0.8617231,0.0001221729,0.002406615
-0.615973,0.005672706,0.03882522
0.5113534,0.02984074,0.1226262
-1.001478,0.0005286886,0.007415292
0.4727675,0.04873519,0.1696928
-0.4415895,0.03968771,0.1472882
0.4008304,0.007104219,0.04559367
-0.3602898,0.03183092,0.1273877
-0.4612878,0.02378281,0.1055999
0.9041518,0.003325577,0.02715632
-0.3669234,0.01530966,0.07906241
-0.436765,0.02326493,0.1039701
-0.3686118,0.01399767,0.07421123
0.8227981,0.00530523,0.03691772
0.9302775,0.0002020541,0.003574362
0.4657275,0.03821972,0.1430845
-0.5218295,0.02680037,0.1142363
0.8944302,0.002469975,0.02209297
-1.602003,2.019233e-07,1.489496e-05
0.6666225,0.0148379,0.07715968
-0.6836379,0.0107267,0.06189159
0.577333,0.001074223,0.01206482
-0.6001971,0.01152812,0.06492038
0.5614108,0.02522402,0.1095055
-0.3371749,0.02196484,0.09987817
-0.7685516,0.0005357416,0.007489957
0.5775673,0.02642019,0.1129189
0.377416,0.01464415,0.07635149
-0.4457505,0.002294505,0.02104568
0.5340538,0.01620038,0.08245081
0.5443662,0.01970414,0.09329022
-0.5110626,0.0111076,0.06338864
0.5068638,0.04288971,0.15475
0.9006704,0.001611114,0.0162334
0.5968153,0.012877,0.0699455
0.5073451,0.02933201,0.1216077
0.3847755,0.03615773,0.1377894
-0.5090794,0.03148664,0.1266887
0.3991029,0.002872295,0.02455217
-0.5151932,0.006270534,0.04153708
-0.573296,0.000198019,0.003531831
-0.3523516,0.016864,0.08460319
-0.9103575,3.400672e-05,0.0008990716
0.3159533,0.02636099,0.1128273
0.4906353,0.01434829,0.07527985
0.5414198,0.0174462,0.08679521
-0.3509463,0.03143339,0.1265744
-0.7042733,0.001801059,0.01761265
-0.3284374,0.02936902,0.1216077
-0.3343015,0.01453382,0.07590871
0.6010128,0.0008969938,0.01071516
-0.4709295,0.03914451,0.1456341
-23.63409,9.026527e-20,2.696675e-16
-0.5294301,0.003039862,0.0254743
0.5949453,0.0008802454,0.01060376
-0.6822587,0.0002280731,0.003927195
-0.6572976,0.01208748,0.06687288
0.535028,0.02131231,0.09803007
-0.5234864,0.01870344,0.0907468
0.7433179,0.003400937,0.02757204
-0.5500984,0.004137234,0.03161122
-0.8374978,0.0003005273,0.004933107
0.6736093,0.006220801,0.04139119
-0.7541863,3.255789e-05,0.0008684525
0.7492337,0.007703638,0.04855405
-0.6186474,0.01008358,0.05930282
-1.225778,0.0004270103,0.006508639
-0.5437271,0.0002043274,0.003574362
0.4529922,0.005251128,0.03681952
0.4525019,0.03626208,0.1380917
0.5701322,0.02703124,0.1148749
0.9029266,0.001930448,0.01845509
-0.4252109,0.04566079,0.1625883
0.5451653,0.006065063,0.04065607
-0.4030988,0.02432042,0.1069275
0.5794227,0.01037632,0.06042739
0.4032312,0.007992175,0.04999256
-0.5261754,0.003445832,0.02771204
0.5230389,0.02491138,0.1086463
0.6375936,0.005153457,0.03639705
-0.4026811,0.02274412,0.1026406
0.5034055,0.01529411,0.07905045
0.6369719,0.009178849,0.0553417
-0.6156368,0.008960299,0.05435309
-0.5524759,0.01636171,0.08291878
0.7084515,0.00240976,0.02168421
-0.5628429,0.01090639,0.06253901
0.4704942,0.01026819,0.06009073
-0.6619195,0.002434515,0.02187403
-0.7654362,0.0009919604,0.01147408
0.4203971,0.01255626,0.06882905
0.4524011,0.04190073,0.1525636
0.9378812,0.001522896,0.01573951
0.7480481,0.004951821,0.03560395
0.6614541,0.0003537124,0.005696581
0.6618722,0.0002045911,0.003574362
0.4331131,0.04776742,0.1671554
-0.3968372,0.04750032,0.1667535
-0.8753313,8.699789e-05,0.001863127
0.412236,0.04819406,0.1683415
0.3899519,0.03102363,0.1255869
0.3453205,0.04665868,0.1650596
0.3306133,0.02871289,0.1201397
-0.5294029,0.02238891,0.1014206
-0.6611881,1.430016e-06,7.120286e-05
0.6742233,0.001238678,0.01360496
0.9526477,0.0009232549,0.01092366
0.4116066,0.008656342,0.05315688
-0.6254153,0.0004313408,0.006524712
0.3971568,0.03931927,0.1461024
-0.4344993,0.0442023,0.1583386
-0.366434,0.04925514,0.1707116
0.7935205,0.005801543,0.03948089
-0.7437472,0.004834713,0.03501504
0.48589,0.04899218,0.1702488
0.5633319,0.01430915,0.07523
0.5017405,0.03186429,0.1274358
-0.5289432,0.006508941,0.04269036
-0.378491,0.02058998,0.0961936
-1.311952,4.671529e-05,0.001148658
0.8308045,0.005017455,0.03578669
-0.4378937,0.04876949,0.1697133
0.4258195,0.03181882,0.1273877
0.4050577,0.018359,0.08949702
-0.3028029,0.02790106,0.1174006
0.5179052,0.02315409,0.1037133
-0.5291328,0.01937835,0.09233306
0.7995428,4.187148e-05,0.001064605
0.9326808,6.491231e-06,0.0002518513
-0.3565221,0.01129065,0.064031
-0.7430076,0.0001330751,0.002581571
0.3070569,0.02527405,0.1095881
-0.5821691,0.02458784,0.1076281
-0.6042651,4.103913e-05,0.001047901
0.6133354,0.02099976,0.09704065
0.4930193,0.0355746,0.1363427
-0.3750899,0.03751301,0.1412936
0.5201599,0.03681507,0.1398301
0.5008633,0.03123512,0.1261503
-0.7156407,1.548186e-05,0.0004868637
-0.5385981,0.003630604,0.02865635
0.3121509,0.03374424,0.1321244
0.8399096,0.0005608709,0.007721668
0.402921,0.03904115,0.1454307
-0.4232939,0.02572584,0.1110179
0.5734164,0.02574763,0.1110179
-1.032141,0.0007448046,0.009310058
-0.9832803,0.0002538879,0.004297394
-0.4549944,0.01567307,0.08045241
0.9568048,0.001108169,0.01239946
0.5014081,0.04260474,0.154094
0.7466201,0.005869977,0.03972574
0.6221517,0.001748067,0.01723548
-0.6811695,0.002725291,0.02373704
-0.4645658,0.01729065,0.08630879
-0.4710732,0.01121628,0.06390245
-0.5932577,0.01390054,0.07394165
-0.7912756,0.0001497116,0.002812977
0.6732245,0.006147709,0.04104197
0.416926,0.002943061,0.02499792
-0.3614336,0.03039184,0.1239366
-0.62003,0.01998414,0.09424247
-0.5950387,0.001391382,0.01474026
0.4366398,0.04256283,0.154094
-3.467928,7.866376e-05,0.00172167
-0.2379653,0.02841583,0.1191471
-1.526685,1.148701e-05,0.0003791983
-17.79653,4.199843e-06,0.0001730625
-0.6966638,0.000183131,0.003377184
-2.530326,1.17355e-07,9.349279e-06
-1.316856,1.02372e-06,5.461363e-05
-17.4753,4.072678e-06,0.0001689878
-1.107826,8.40379e-06,0.0003086131
-1.624096,5.173153e-07,3.359738e-05
-1.630678,0.001429895,0.01501515
-0.9555746,0.002395383,0.02158735
-0.6842889,0.008266543,0.05118563
-0.952033,0.0006380236,0.008434051
-0.8102525,0.002857096,0.02449233
-1.583157,9.746635e-07,5.294195e-05
-0.6781802,0.01264131,0.06910508
-0.4952662,0.04639274,0.1646061
0.782531,0.00383824,0.03001765
-0.6460737,0.01608939,0.08202569
-0.532234,0.02083617,0.09665986
-1.719797,3.012153e-10,7.499005e-08
-1.385084,3.773758e-08,3.696427e-06
-1.328701,2.247872e-05,0.0006488424
-0.9273266,0.0001643384,0.003049447
-0.6717617,0.0123613,0.06797622
-0.6071998,0.0136187,0.07286455
-22.48416,6.08104e-13,3.633421e-10
-0.4367232,0.02114791,0.09764972
-0.8750872,0.001285357,0.01391774
-1.26358,1.418963e-05,0.0004511252
-0.4034534,0.02927645,0.12153
-1.049679,0.0008660131,0.0104958
-1.399259,4.047672e-06,0.0001689878
-0.9029523,0.003009133,0.02528772
-0.2848764,0.02070705,0.09639419
0.4820418,0.04760158,0.1668941
-1.160954,1.41944e-05,0.0004511252
-1.606362,0.001458895,0.0152928
0.6969963,0.004500557,0.03340475
0.6780603,0.003151946,0.02615677
-0.5999005,0.02260724,0.1021772
-0.6201746,0.01653338,0.08350545
-21.50784,6.010743e-08,5.281499e-06
-2.321325,9.229723e-13,4.595633e-10
-0.4161861,0.04820624,0.1683415
-21.7885,4.730172e-09,6.68251e-07
-1.125327,0.0005550728,0.007695034
-0.6132268,0.01594847,0.08138365
-0.7337713,0.009602195,0.05714454
-0.5634955,0.001189559,0.01318666
-0.8210825,0.001426839,0.01501515
-0.2110991,0.03519937,0.1356879
-0.4943233,0.0095545,0.0570175
0.962195,0.002363866,0.02143657
-1.061962,0.0005212364,0.007380065
-1.070302,0.000231536,0.00395265
-21.53811,3.54837e-10,7.85241e-08
-0.5775899,0.02323295,0.1039048
-2.408398,4.515568e-08,4.146278e-06
-14.59863,1.004849e-05,0.0003433769
-1.438035,0.00169137,0.01677382
-0.9640052,0.001599275,0.0161685
-2.231054,4.244927e-08,3.963038e-06
-1.665955,2.512668e-05,0.0007081695
-0.50989,0.03615963,0.1377894
-1.769939,2.468183e-05,0.0006989286
-2.053877,1.403708e-07,1.089241e-05
-0.5357967,0.007285572,0.04645816
-0.497962,0.007226758,0.04628069
-0.5635154,0.02161697,0.09889845
-0.7437953,0.007449076,0.04719855
-2.089598,0.00102547,0.01176565
-0.6345064,0.01013759,0.0595596
-16.71813,1.191993e-05,0.0003913273
-0.6441784,0.006904776,0.04464939
-2.513743,3.47325e-10,7.85241e-08
-1.56781,6.577358e-05,0.001505736
-2.046731,1.693711e-06,8.161229e-05
-0.5425,0.02707665,0.1149843
-1.010001,8.245446e-05,0.001785548
-0.423488,0.04145484,0.1517725
-0.9205235,0.002996991,0.02522115
-2.890026,3.528819e-10,7.85241e-08
-0.6343344,0.01197903,0.0665811
-0.6443557,0.0096754,0.0575229
-0.7793265,0.002557038,0.0226681
-0.8166558,0.002005879,0.01899386
-1.04272,0.0003197303,0.005191273
-1.15594,0.0004578371,0.006750947
-0.8036351,0.001601967,0.0161685
-1.460387,9.666439e-08,8.021802e-06
-0.4901043,0.04577664,0.1629038
-1.463264,1.515976e-06,7.364193e-05
-0.6071839,0.02088335,0.09665986
-0.9037013,0.0002615317,0.004377177
-0.8042865,0.003653529,0.02879925
-1.554586,3.70249e-08,3.696427e-06
-1.736481,2.586332e-07,1.884553e-05
-0.8052954,0.005894543,0.03979649
-1.229388,0.000462115,0.006750947
-1.563173,8.320812e-05,0.001794832
-0.7528035,0.006475687,0.04251893
-0.5756981,0.005877415,0.03972574
-0.8734697,0.0039381,0.03055864
-1.785092,4.715127e-08,4.204908e-06
-0.4733904,0.01472455,0.07663692
-2.40494,1.461602e-12,6.717747e-10
-0.6531663,0.002094894,0.01964471
-0.7102944,0.0003735632,0.005889288
0.3380932,0.03382293,0.1321673
0.5921799,0.01907009,0.09122799
-1.081539,0.0003648442,0.005813184
0.6044363,0.007243358,0.04631169
-0.4003567,0.01876189,0.09081611
0.6196838,0.01423191,0.07498737
-0.5116429,0.00804464,0.05012171
-0.3645984,0.03418389,0.132815
-0.6299721,0.01261579,0.06902869
0.6049261,0.006238824,0.04146493
-0.681337,0.004305774,0.03264848
-1.253275,4.511688e-05,0.00111394
-0.7128755,0.0009398421,0.01101135
-0.8331818,0.003893802,0.03029357
0.8725761,0.001887294,0.01815874
0.3558213,0.0240601,0.1061736
-0.622527,5.582381e-05,0.001308028
0.8629894,0.001495407,0.01561773
0.884443,4.711886e-05,0.001149123
0.5691612,0.00355847,0.02834915
0.5133496,0.001692823,0.01677382
-0.588873,0.01082406,0.06224614
-0.6746773,0.008039192,0.05012171
0.5426387,0.03007893,0.1232659
0.3806757,0.01127018,0.06401078
-0.3530289,0.0356608,0.1364979
0.5235873,0.03795018,0.1425219
-1.038899,1.509678e-08,1.879234e-06
0.4211324,0.003918967,0.03044971
0.3768882,0.0221301,0.1004767
0.9244095,0.0005476675,0.00762777
-0.6148877,0.009561764,0.0570175
-0.7804782,0.005553393,0.03827165
0.6698578,0.001912891,0.01834595
-0.8277527,6.35945e-05,0.00147278
-0.3374628,0.03705685,0.1403697
-0.5026701,0.02278265,0.1027369
0.6224203,0.006438357,0.04241365
0.6394734,0.01129517,0.064031
0.5470918,0.001773959,0.01746195
0.4378336,0.02829691,0.1187318
-0.6223584,0.005619005,0.03859029
0.7779788,0.0008564953,0.01042273
-0.9050322,5.235114e-05,0.001256217
0.9414868,0.001063183,0.01198412
-0.688971,5.563174e-05,0.001308028
0.5695126,0.005571753,0.03835394
0.9648577,0.001425914,0.01501515
0.3330258,0.04228805,0.1535995
-0.8581262,0.003949186,0.03060491
-1.075971,0.0001017315,0.002088816
-0.4952848,0.00521234,0.0367261
-0.9313936,0.0001868659,0.003399885
-0.3786325,0.04934914,0.170934
0.5178203,0.03862231,0.1443204
-0.9492221,0.001793032,0.01757951
0.6889077,0.01082285,0.06224614
-0.431793,0.0143034,0.07523
0.7199252,9.724293e-06,0.0003358535
-0.8583007,0.0004392292,0.006571507
0.794107,0.0002265679,0.003912552
0.6705847,0.001025385,0.01176565
0.3999956,0.006913485,0.04465737
-0.6210732,0.002624477,0.02309462
-0.4184087,0.03865999,0.1443709
-1.022524,7.206203e-06,0.0002760068
0.3677108,0.03534453,0.135728
0.2714746,0.02640515,0.1129189
-0.8177788,0.005186278,0.03658561
-0.3555566,0.04693287,0.1658235
0.6120216,0.01871131,0.0907468
-0.5017095,0.0001844513,0.003380665
-0.3708725,0.005265457,0.0368397
0.2977592,0.04695788,0.1658235
-0.5212109,0.01166481,0.06550493
0.434869,0.01761642,0.08720638
-0.4912805,0.01786529,0.08792845
-0.3247801,0.04297572,0.1549668
-0.3338094,0.0112246,0.06390245
0.6602545,0.0145277,0.07590871
-0.7729128,0.001504987,0.01561773
0.3929315,0.04281401,0.1545702
0.5472876,0.01825157,0.08916856
0.7509385,0.008075806,0.05026348
-0.5758891,0.01311801,0.07080408
-0.6322951,0.002352992,0.02143159
-1.139496,0.0001590331,0.002969446
-0.3132091,0.02956775,0.1220078
0.5208013,0.02562509,0.1107887
0.4042521,0.03363045,0.1318517
-1.043153,1.599345e-08,1.950221e-06
-0.3686508,0.0219002,0.09973604
-0.4024574,0.009201633,0.05542314
-0.3156645,0.01208682,0.06687288
0.4214742,0.04429566,0.1585297
-0.4798542,0.04925637,0.1707116
0.7757193,0.002386616,0.02157342
0.541108,0.01017116,0.05969813
0.5686206,0.02781985,0.117224
-0.3522226,0.04096217,0.1503373
0.3684917,0.03256177,0.1289308
-0.544738,0.01027255,0.06009073
-0.5145098,0.01823431,0.08916856
-0.5527648,0.01122972,0.06390245
-0.6395935,0.004832872,0.03501504
0.794371,0.006592312,0.04301971
0.8910682,0.001793188,0.01757951
-0.8497931,0.0009196015,0.01090202
0.6035569,0.0005282821,0.007415292
0.454116,0.01435431,0.07527985
0.4013124,0.04654909,0.1649649
0.7320412,2.362825e-05,0.0006757299
-0.6398698,0.005872332,0.03972574
0.7104598,0.005044011,0.03583587
-1.537166,1.856845e-05,0.0005573498
-0.507891,0.01960443,0.0930393
-0.7262255,0.001060879,0.01198412
-0.3352136,0.04458974,0.1591769
0.4657442,0.01547655,0.07978636
0.5800381,0.02500405,0.1088915
0.5108165,0.01583991,0.08109981
0.7059694,0.004340027,0.03278339
0.3360891,0.04051266,0.1494217
-0.4358717,0.02337711,0.1042495
0.5202689,0.0176067,0.08720638
-0.2879068,0.0203305,0.09549899
-0.5029173,0.01952249,0.09287174
-0.5479772,0.0269981,0.1148749
-0.6254148,0.01008396,0.05930282
-0.6025442,0.0006844768,0.008784948
-1.679815,2.562825e-10,6.657774e-08
-1.120095,2.124226e-12,9.065891e-10
-0.6537135,0.002812846,0.02428722
-0.6292234,0.01887216,0.09086774
0.5524159,0.03143705,0.1265744
0.5125289,0.03962128,0.1471331
-0.5753481,1.662285e-05,0.0005146194
0.9006369,0.002488849,0.02222851
-0.810259,0.001195201,0.01321798
0.676822,0.007934886,0.04981595
-3.760893,1.677952e-08,2.005152e-06
0.6257459,0.0188537,0.09086774
-0.4159522,0.03045168,0.1240278
0.7399653,0.003061586,0.02562041
0.7721372,0.0003667495,0.005819223
-1.384435,7.53066e-07,4.455019e-05
-0.9655378,0.00222794,0.02063867
-0.3160456,0.04986661,0.1717843
-0.6428188,5.446706e-05,0.001296576
0.8810119,4.620118e-06,0.0001877905
0.3897091,0.04907798,0.1703899
-0.3314722,0.03914395,0.1456341
-0.9251884,4.364934e-05,0.001091234
0.7452909,0.008777458,0.05351562
0.5247918,0.009502477,0.05683413
0.9116405,2.110631e-05,0.0006181873
0.4585822,0.01651766,0.08349663
-0.6823044,0.009776055,0.05800589
-0.5104469,0.005111759,0.03614528
-0.5299394,0.0310056,0.1255869
0.4604767,0.01857299,0.09036941
-0.8323305,0.0005544286,0.007695034
0.4557682,0.02426592,0.1067665
-0.3282024,0.02588063,0.1113296
-0.5009261,0.002043256,0.01928665
-0.3900807,0.03001543,0.12309
0.6312597,0.01277453,0.06945207
0.4930439,0.03752853,0.1412936
0.6093992,0.007010913,0.0451403
-0.44371,0.001418752,0.01500362
0.3974695,0.01985574,0.09378501
-0.415473,0.01125353,0.06397704
-0.9205752,0.001166438,0.01297852
0.4992337,0.003301333,0.02702118
0.7713136,3.252189e-06,0.0001378144
-0.4508865,0.02148667,0.09852868
0.6397725,0.003166837,0.02620755
0.8892641,0.001428625,0.01501515
-0.6345823,0.001851456,0.01792134
-1.342458,3.664324e-07,2.51659e-05
0.729555,0.003235506,0.02657165
-0.855296,0.0007140252,0.00909659
0.7690187,0.00414793,0.03165206
0.9604717,0.0001120034,0.002245706
-1.0151,0.000152599,0.002858241
-0.5684117,9.659296e-05,0.002024498
-0.9162632,2.464627e-09,4.368296e-07
-0.3639425,0.02058747,0.0961936
0.6301073,0.01863617,0.09060303
0.8719346,0.0001892001,0.003425669
-0.5410896,0.03403881,0.1324964
-0.4451176,0.002391349,0.02158355
-0.684353,0.0007624708,0.009510987
0.3632084,0.04167962,0.1522223
0.4000621,0.03039079,0.1239366
0.4261661,0.01404245,0.07431679
-0.4043731,0.04870589,0.1696896
0.3274448,0.04416847,0.1583123
-0.4482944,0.02502974,0.108924
0.7839322,2.854608e-06,0.0001263428
0.6727594,0.01229288,0.0676958
-0.4989344,0.00880105,0.05355531
0.6403485,0.002385741,0.02157342
0.5636012,0.000736284,0.009260126
-0.6108039,0.001836419,0.01781267
0.4177602,0.04430871,0.1585297
0.741841,0.004391671,0.03300658
0.5563291,0.02581422,0.1111239
-0.561282,0.0234594,0.1043707
-0.4215536,0.03685899,0.1398301
-0.4072256,0.02172062,0.09914976
0.7367091,0.006044599,0.04065607
-1.325924,1.756369e-05,0.0005327059
-0.7057288,0.0003078813,0.005012508
0.45549,0.03711869,0.1403697
0.476366,0.01768027,0.08723336
-0.7775525,0.001505575,0.01561773
-0.6692808,2.734791e-05,0.0007671539
-0.9755583,1.344463e-06,6.807769e-05
0.5566798,0.002236845,0.02068908
0.7892363,0.0004688311,0.006800372
-0.4388024,0.00124601,0.01363336
-0.4116553,0.01885058,0.09086774
0.4427858,0.03385263,0.1321673
0.553282,0.02914215,0.1212565
-0.7045469,0.006570263,0.04296243
-0.3409499,0.02337446,0.1042495
0.6878254,0.01293727,0.07014534
0.9727441,7.252624e-05,0.001641456
-1.065712,3.238195e-05,0.0008684525
-0.4709386,0.002818624,0.02430199
0.7729489,0.003458637,0.02773873
-0.5948607,0.002921527,0.02486627
-0.5292222,0.006103415,0.04083752
0.5317364,0.003027689,0.02540792
-0.7575052,6.018845e-05,0.001404789
-0.390756,0.03127357,0.1261712
-1.138315,0.0007202931,0.009137477
0.8439531,0.0001634223,0.003041895
-0.3382396,0.02272286,0.1026221
0.3969808,0.004440464,0.03324708
0.4549566,0.009424124,0.05647858
-0.5010112,0.03792899,0.1425219
-0.3924685,0.006674543,0.04339542
0.5448164,0.02945311,0.1217871
0.5921698,0.01314273,0.07087349
0.9965904,0.001048012,0.01198412
-0.402433,0.03068084,0.1246214
-1.175607,3.869534e-09,5.928325e-07
0.6345387,0.01272999,0.06929023
-0.9118368,0.001575607,0.01606528
-0.7774383,0.0007070218,0.009028034
-0.5062483,0.02393167,0.1058414
0.6389295,0.001589464,0.01613464
0.8475513,0.0009468669,0.01107149
0.5489656,0.0310716,0.1256959
-0.8950639,0.0006609629,0.008662093
-0.4965513,0.001654415,0.01657856
-0.605399,0.0004375211,0.006568313
-0.4834605,0.001514145,0.0156794
0.4546091,0.001960314,0.01865107
0.8397013,0.002730055,0.02374392
0.4085638,0.02518891,0.1094809
-0.6430259,0.01159446,0.06523248
0.6424505,3.106262e-05,0.0008513721
-0.3499596,0.01349959,0.07253601
0.558779,0.01412434,0.07455205
0.7643356,0.003214004,0.02645135
-0.4308616,0.009594195,0.05714454
0.4832353,0.02963725,0.1221259
0.6601633,0.009975628,0.05895586
0.7162797,0.0006193606,0.008260445
-0.5054461,0.008017253,0.05005547
0.6585355,0.002364301,0.02143657
0.6612894,0.00265809,0.02328752
-0.454321,0.002631822,0.0231252
0.6362719,0.001332329,0.01421669
0.642045,0.01443442,0.07558781
-0.4932752,0.02678603,0.1142363
-0.808587,3.304132e-07,2.32261e-05
-0.4770686,0.001097536,0.01230352
-0.5801889,0.005073899,0.0360054
-0.8007212,0.001025925,0.01176565
-0.5490987,0.01260314,0.06902271
-0.7158375,0.001541479,0.01585912
0.6994389,0.0110872,0.06333273
-0.8659378,1.692715e-05,0.0005186651
0.7390649,0.005307501,0.03691772
-0.634498,0.0003969621,0.006160646
-0.4200726,0.04682473,0.165549
0.6950941,0.004168312,0.03172696
0.6787153,0.0003036387,0.004970525
0.4797896,0.03477441,0.1343966
0.6209042,0.0005673101,0.007768088
0.7226526,0.001145374,0.01276792
-0.6893753,0.01033675,0.06031455
0.4902992,0.04240382,0.1538594
0.470567,0.04165669,0.1522223
0.9200459,0.002598461,0.02289942
0.781652,0.0005911399,0.007989808
-0.5905877,0.01634702,0.08291465
0.3077251,0.02084224,0.09665986
0.6477321,0.004711374,0.03458288
0.7600647,0.001901506,0.01826607
0.7763543,0.004568447,0.03378276
0.4966573,0.04416175,0.1583123
-0.4819085,0.02936023,0.1216077
0.5515872,0.03039565,0.1239366
0.7156256,0.005042968,0.03583587
-0.5614099,0.0003692908,0.005837335
-0.6237221,0.008197989,0.05086499
-0.5343273,0.0348108,0.1344502
-0.641587,0.01096612,0.06270102
-0.6672837,0.0004281201,0.006508951
-0.2796382,0.04025841,0.1487594
0.5638556,0.02059107,0.0961936
-0.7083439,0.005735152,0.03916289
0.6754991,0.001877306,0.01809178
-0.784904,0.005027728,0.03580533
-0.8062745,0.0039759,0.03073222
0.7348564,0.003857243,0.03004827
-0.7229489,0.005256411,0.03681952
0.7342803,0.008363808,0.05167916
-0.8941671,2.983021e-09,4.950986e-07
-0.4165695,0.01894432,0.09096247
0.487968,0.04088246,0.1503217
0.4850202,0.02063497,0.09624822
0.7247736,0.0005052716,0.007205245
0.6654802,0.01470918,0.07662366
-0.4767798,0.01906108,0.09122799
-0.8700537,0.001249669,0.01363336
0.650431,0.0038542,0.03004827
-0.4716568,0.03251992,0.1288568
-0.8671171,0.002364026,0.02143657
-0.5084877,0.00547397,0.03781153
-0.3605449,0.0165684,0.08361165
0.5584084,0.02391577,0.1058414
-0.4835775,0.02859134,0.119715
0.4847776,0.00496454,0.03560395
0.34499,0.02366669,0.1052146
-0.4750193,0.03131998,0.1262732
0.5419776,0.0288223,0.1202743
0.4920101,0.0245063,0.1073498
0.6761321,0.002503203,0.02231569
-0.2815396,0.02761356,0.1166839
-0.3754614,0.01841255,0.08966179
0.7689049,0.0004954001,0.007115422
0.3213585,0.03207887,0.1279515
-0.6051901,0.01757563,0.08714885
0.5529938,0.01551612,0.07992141
-0.747562,0.008801894,0.05355531
0.6731526,0.007429666,0.04717561
0.7512414,0.001719968,0.01701458
-0.3467142,0.04721296,0.1661351
-0.4168794,0.005225121,0.03672953
0.8016917,0.003164697,0.02620755
-0.3131518,0.03112062,0.125809
0.9050603,0.0005923824,0.007989808
-0.5634426,0.02565093,0.1108202
-0.3819501,0.02339726,0.1042495
